Nutrient,Baseline MAE,Improved MAE,Baseline RMSE,Improved RMSE,Baseline R2,Improved R2
Calories,138.2764559257174,56.750464517621374,167.85360204288708,86.02449837862017,0.35645465816638044,0.8309706513041676
Mass,149.0633790211848,39.500011775806975,167.9351335098713,55.830143806001665,-0.2997391635235518,0.85634836595932
Fat,7.178320633416217,4.147489587926126,8.953701042114476,6.419525834532603,0.5370410554620069,0.7620184974757895
Carb,9.792938512286993,5.783804875934824,12.704868463472362,8.859652046854615,0.3783828178449473,0.6977154185713094
Protein,9.548274598233133,5.245327134415694,12.577688281610968,8.984657050662136,0.5722907380015017,0.7817521321862205
