Metric,Baseline Model,Fine-tuned Model,Improvement
MAE,62.77187373816771,22.285419578341013,-64.5%
RMSE,106.56155167159048,46.298265814912796,-56.6%
R2,0.3088860211902569,0.7857610130993615,154.4%
